13/06/2021 07:16,542185220,FaceStation 2 542185220 (192.168.1.202),All Users,46083,1:N authentication succeeded (Face)
13/06/2021 07:31,542185239,FaceStation 2 542185239 (192.168.1.200),All Users,277,1:N authentication succeeded (Face)
13/06/2021 07:34,542340159,FaceStation 2 542340159 (192.168.1.204),All Users,130241,1:N authentication succeeded (Face)
13/06/2021 07:36,542340159,FaceStation 2 542340159 (192.168.1.204),All Users,589,1:N authentication succeeded (Face)
13/06/2021 07:43,542340159,FaceStation 2 542340159 (192.168.1.204),All Users,120014,1:N authentication succeeded (Face)
13/06/2021 07:43,542185216,FaceStation 2 542185216 (192.168.1.201),All Users,65684,1:N authentication succeeded (Face)
13/06/2021 07:50,542340159,FaceStation 2 542340159 (192.168.1.204),All Users,118831,1:N authentication succeeded (Face)
13/06/2021 07:52,542185216,FaceStation 2 542185216 (192.168.1.201),All Users,117305,1:N authentication succeeded (Face)
13/06/2021 07:53,542185220,FaceStation 2 542185220 (192.168.1.202),All Users,119942,1:N authentication succeeded (Face)
13/06/2021 07:53,542340159,FaceStation 2 542340159 (192.168.1.204),All Users,113,1:N authentication succeeded (Face)
13/06/2021 07:54,542340159,FaceStation 2 542340159 (192.168.1.204),All Users,954,1:N authentication succeeded (Face)
13/06/2021 07:54,542185216,FaceStation 2 542185216 (192.168.1.201),All Users,429,1:N authentication succeeded (Face)
13/06/2021 07:54,542340159,FaceStation 2 542340159 (192.168.1.204),All Users,862,1:N authentication succeeded (Face)
13/06/2021 07:55,542340159,FaceStation 2 542340159 (192.168.1.204),All Users,119863,1:N authentication succeeded (Face)
13/06/2021 07:55,542340159,FaceStation 2 542340159 (192.168.1.204),All Users,119988,1:N authentication succeeded (Face)
13/06/2021 07:56,542340159,FaceStation 2 542340159 (192.168.1.204),All Users,899,1:N authentication succeeded (Face)
13/06/2021 07:56,542340159,FaceStation 2 542340159 (192.168.1.204),All Users,115792,1:N authentication succeeded (Face)
13/06/2021 07:58,542185220,FaceStation 2 542185220 (192.168.1.202),All Users,839,1:N authentication succeeded (Face)
13/06/2021 07:59,542340159,FaceStation 2 542340159 (192.168.1.204),All Users,119998,1:N authentication succeeded (Face)
13/06/2021 07:59,542185220,FaceStation 2 542185220 (192.168.1.202),All Users,45974,1:N authentication succeeded (Face)
13/06/2021 08:00,542185216,FaceStation 2 542185216 (192.168.1.201),All Users,115282,1:N authentication succeeded (Face)
13/06/2021 08:00,542340159,FaceStation 2 542340159 (192.168.1.204),All Users,130244,1:N authentication succeeded (Face)
13/06/2021 08:01,542185239,FaceStation 2 542185239 (192.168.1.200),All Users,294,1:N authentication succeeded (Face)
13/06/2021 08:01,542185220,FaceStation 2 542185220 (192.168.1.202),All Users,145,1:N authentication succeeded (Face)
13/06/2021 08:04,542185239,FaceStation 2 542185239 (192.168.1.200),All Users,119874,1:N authentication succeeded (Face)
13/06/2021 08:05,542340159,FaceStation 2 542340159 (192.168.1.204),All Users,68814,1:N authentication succeeded (Face)
13/06/2021 08:05,542340159,FaceStation 2 542340159 (192.168.1.204),All Users,130050,1:N authentication succeeded (Face)
13/06/2021 08:06,542185220,FaceStation 2 542185220 (192.168.1.202),All Users,118660,1:N authentication succeeded (Face)
13/06/2021 08:07,542340159,FaceStation 2 542340159 (192.168.1.204),All Users,119518,1:N authentication succeeded (Face)
13/06/2021 08:08,542340159,FaceStation 2 542340159 (192.168.1.204),All Users,130082,1:N authentication succeeded (Face)
13/06/2021 08:08,542340159,FaceStation 2 542340159 (192.168.1.204),All Users,130082,1:N authentication succeeded (Face)
13/06/2021 08:08,542340159,FaceStation 2 542340159 (192.168.1.204),All Users,119046,1:N authentication succeeded (Face)
13/06/2021 08:09,542340159,FaceStation 2 542340159 (192.168.1.204),All Users,621,1:N authentication succeeded (Face)
13/06/2021 08:09,542185220,FaceStation 2 542185220 (192.168.1.202),All Users,118520,1:N authentication succeeded (Face)
13/06/2021 08:09,542340159,FaceStation 2 542340159 (192.168.1.204),All Users,117149,1:N authentication succeeded (Face)
13/06/2021 08:09,542340159,FaceStation 2 542340159 (192.168.1.204),All Users,55367,1:N authentication succeeded (Face)
13/06/2021 08:10,542340159,FaceStation 2 542340159 (192.168.1.204),All Users,120022,1:N authentication succeeded (Face)
13/06/2021 08:10,542185220,FaceStation 2 542185220 (192.168.1.202),All Users,117487,1:N authentication succeeded (Face)
13/06/2021 08:10,542340159,FaceStation 2 542340159 (192.168.1.204),All Users,120063,1:N authentication succeeded (Face)
13/06/2021 08:10,542340159,FaceStation 2 542340159 (192.168.1.204),All Users,543,1:N authentication succeeded (Face)
13/06/2021 08:10,542340159,FaceStation 2 542340159 (192.168.1.204),All Users,621,1:N authentication succeeded (Face)
13/06/2021 08:10,542185216,FaceStation 2 542185216 (192.168.1.201),All Users,58072,1:N authentication succeeded (Face)
13/06/2021 08:11,542185239,FaceStation 2 542185239 (192.168.1.200),All Users,130189,1:N authentication succeeded (Face)
13/06/2021 08:11,542185220,FaceStation 2 542185220 (192.168.1.202),All Users,118175,1:N authentication succeeded (Face)
13/06/2021 08:11,542340159,FaceStation 2 542340159 (192.168.1.204),All Users,130215,1:N authentication succeeded (Face)
13/06/2021 08:11,542185220,FaceStation 2 542185220 (192.168.1.202),All Users,115823,1:N authentication succeeded (Face)
13/06/2021 08:12,542185233,FaceStation 2 542185233 (192.168.1.203),All Users,115583,1:N authentication succeeded (Face)
13/06/2021 08:13,542340159,FaceStation 2 542340159 (192.168.1.204),All Users,67208,1:N authentication succeeded (Face)
13/06/2021 08:13,542340159,FaceStation 2 542340159 (192.168.1.204),All Users,67208,1:N authentication succeeded (Face)
13/06/2021 08:15,542340159,FaceStation 2 542340159 (192.168.1.204),All Users,119571,1:N authentication succeeded (Face)
13/06/2021 08:16,542340159,FaceStation 2 542340159 (192.168.1.204),All Users,115986,1:N authentication succeeded (Face)
13/06/2021 08:16,542185239,FaceStation 2 542185239 (192.168.1.200),All Users,115410,1:N authentication succeeded (Face)
13/06/2021 08:19,542340159,FaceStation 2 542340159 (192.168.1.204),All Users,119521,1:N authentication succeeded (Face)
13/06/2021 08:20,542340159,FaceStation 2 542340159 (192.168.1.204),All Users,130156,1:N authentication succeeded (Face)
13/06/2021 08:20,542340159,FaceStation 2 542340159 (192.168.1.204),All Users,118978,1:N authentication succeeded (Face)
13/06/2021 08:25,542340159,FaceStation 2 542340159 (192.168.1.204),All Users,119149,1:N authentication succeeded (Face)
13/06/2021 08:25,542340159,FaceStation 2 542340159 (192.168.1.204),All Users,119854,1:N authentication succeeded (Face)
13/06/2021 08:26,542340159,FaceStation 2 542340159 (192.168.1.204),All Users,40480,1:N authentication succeeded (Face)
13/06/2021 08:26,542340159,FaceStation 2 542340159 (192.168.1.204),All Users,130243,1:N authentication succeeded (Face)
13/06/2021 08:26,542185239,FaceStation 2 542185239 (192.168.1.200),All Users,119897,1:N authentication succeeded (Face)
13/06/2021 08:26,542340159,FaceStation 2 542340159 (192.168.1.204),All Users,119915,1:N authentication succeeded (Face)
13/06/2021 08:27,542340159,FaceStation 2 542340159 (192.168.1.204),All Users,119317,1:N authentication succeeded (Face)
13/06/2021 08:27,542185220,FaceStation 2 542185220 (192.168.1.202),All Users,119547,1:N authentication succeeded (Face)
13/06/2021 08:28,542185216,FaceStation 2 542185216 (192.168.1.201),All Users,202,1:N authentication succeeded (Face)
13/06/2021 08:28,542185220,FaceStation 2 542185220 (192.168.1.202),All Users,33715,1:N authentication succeeded (Face)
13/06/2021 08:29,542185216,FaceStation 2 542185216 (192.168.1.201),All Users,119853,1:N authentication succeeded (Face)
13/06/2021 08:30,542185216,FaceStation 2 542185216 (192.168.1.201),All Users,115681,1:N authentication succeeded (Face)
13/06/2021 08:31,542185216,FaceStation 2 542185216 (192.168.1.201),All Users,119853,1:N authentication succeeded (Face)
13/06/2021 08:33,542185220,FaceStation 2 542185220 (192.168.1.202),All Users,928,1:N authentication succeeded (Face)
13/06/2021 08:33,542340159,FaceStation 2 542340159 (192.168.1.204),All Users,69262,1:N authentication succeeded (Face)
13/06/2021 08:34,542185239,FaceStation 2 542185239 (192.168.1.200),All Users,49498,1:N authentication succeeded (Face)
13/06/2021 08:34,542185220,FaceStation 2 542185220 (192.168.1.202),All Users,119387,1:N authentication succeeded (Face)
13/06/2021 08:34,542340159,FaceStation 2 542340159 (192.168.1.204),All Users,120099,1:N authentication succeeded (Face)
13/06/2021 08:34,542340159,FaceStation 2 542340159 (192.168.1.204),All Users,120143,1:N authentication succeeded (Face)
13/06/2021 08:34,542340159,FaceStation 2 542340159 (192.168.1.204),All Users,38620,1:N authentication succeeded (Face)
13/06/2021 08:35,542340159,FaceStation 2 542340159 (192.168.1.204),All Users,130204,1:N authentication succeeded (Face)
13/06/2021 08:37,542340159,FaceStation 2 542340159 (192.168.1.204),All Users,118252,1:N authentication succeeded (Face)
13/06/2021 08:37,542340159,FaceStation 2 542340159 (192.168.1.204),All Users,120076,1:N authentication succeeded (Face)
13/06/2021 08:38,542185220,FaceStation 2 542185220 (192.168.1.202),All Users,118503,1:N authentication succeeded (Face)
13/06/2021 08:38,542340159,FaceStation 2 542340159 (192.168.1.204),All Users,119414,1:N authentication succeeded (Face)
13/06/2021 08:39,542340159,FaceStation 2 542340159 (192.168.1.204),All Users,1134,1:N authentication succeeded (Face)
13/06/2021 08:39,542340159,FaceStation 2 542340159 (192.168.1.204),All Users,444,1:N authentication succeeded (Face)
13/06/2021 08:39,542185216,FaceStation 2 542185216 (192.168.1.201),All Users,974,1:N authentication succeeded (Face)
13/06/2021 08:39,542340159,FaceStation 2 542340159 (192.168.1.204),All Users,444,1:N authentication succeeded (Face)
13/06/2021 08:39,542340159,FaceStation 2 542340159 (192.168.1.204),All Users,115896,1:N authentication succeeded (Face)
13/06/2021 08:40,542340159,FaceStation 2 542340159 (192.168.1.204),All Users,119832,1:N authentication succeeded (Face)
13/06/2021 08:40,542185220,FaceStation 2 542185220 (192.168.1.202),All Users,116090,1:N authentication succeeded (Face)
13/06/2021 08:40,542340159,FaceStation 2 542340159 (192.168.1.204),All Users,130061,1:N authentication succeeded (Face)
13/06/2021 08:40,542185233,FaceStation 2 542185233 (192.168.1.203),All Users,116720,1:N authentication succeeded (Face)
13/06/2021 08:41,542185239,FaceStation 2 542185239 (192.168.1.200),All Users,119746,1:N authentication succeeded (Face)
13/06/2021 08:41,542185220,FaceStation 2 542185220 (192.168.1.202),All Users,119899,1:N authentication succeeded (Face)
13/06/2021 08:42,542340159,FaceStation 2 542340159 (192.168.1.204),All Users,130054,1:N authentication succeeded (Face)
13/06/2021 08:42,542340159,FaceStation 2 542340159 (192.168.1.204),All Users,817,1:N authentication succeeded (Face)
13/06/2021 08:42,542340159,FaceStation 2 542340159 (192.168.1.204),All Users,46320,1:N authentication succeeded (Face)
13/06/2021 08:44,542340159,FaceStation 2 542340159 (192.168.1.204),All Users,68253,1:N authentication succeeded (Face)
13/06/2021 08:44,542185216,FaceStation 2 542185216 (192.168.1.201),All Users,41596,1:N authentication succeeded (Face)
13/06/2021 08:44,542340159,FaceStation 2 542340159 (192.168.1.204),All Users,119959,1:N authentication succeeded (Face)
13/06/2021 08:46,542340159,FaceStation 2 542340159 (192.168.1.204),All Users,118423,1:N authentication succeeded (Face)
13/06/2021 08:46,542185239,FaceStation 2 542185239 (192.168.1.200),All Users,120052,1:N authentication succeeded (Face)
13/06/2021 08:47,542340159,FaceStation 2 542340159 (192.168.1.204),All Users,120033,1:N authentication succeeded (Face)
13/06/2021 08:49,542340159,FaceStation 2 542340159 (192.168.1.204),All Users,120027,1:N authentication succeeded (Face)
13/06/2021 08:50,542185216,FaceStation 2 542185216 (192.168.1.201),All Users,115626,1:N authentication succeeded (Face)
13/06/2021 08:50,542185216,FaceStation 2 542185216 (192.168.1.201),All Users,115626,1:N authentication succeeded (Face)
13/06/2021 08:52,542185220,FaceStation 2 542185220 (192.168.1.202),All Users,436,1:N authentication succeeded (Face)
13/06/2021 08:53,542340159,FaceStation 2 542340159 (192.168.1.204),All Users,367,1:N authentication succeeded (Face)
13/06/2021 08:53,542185239,FaceStation 2 542185239 (192.168.1.200),All Users,116103,1:N authentication succeeded (Face)
13/06/2021 08:55,542185239,FaceStation 2 542185239 (192.168.1.200),All Users,119983,1:N authentication succeeded (Face)
13/06/2021 08:57,542185239,FaceStation 2 542185239 (192.168.1.200),All Users,119953,1:N authentication succeeded (Face)
13/06/2021 09:00,542185220,FaceStation 2 542185220 (192.168.1.202),All Users,117409,1:N authentication succeeded (Face)
13/06/2021 09:02,542340159,FaceStation 2 542340159 (192.168.1.204),All Users,119867,1:N authentication succeeded (Face)
13/06/2021 09:12,542340159,FaceStation 2 542340159 (192.168.1.204),All Users,130145,1:N authentication succeeded (Face)
13/06/2021 09:14,542340159,FaceStation 2 542340159 (192.168.1.204),All Users,115020,1:N authentication succeeded (Face)
13/06/2021 09:15,542340159,FaceStation 2 542340159 (192.168.1.204),All Users,120031,1:N authentication succeeded (Face)
13/06/2021 09:15,542340159,FaceStation 2 542340159 (192.168.1.204),All Users,120031,1:N authentication succeeded (Face)
13/06/2021 09:18,542340159,FaceStation 2 542340159 (192.168.1.204),All Users,130239,1:N authentication succeeded (Face)
13/06/2021 09:21,542340159,FaceStation 2 542340159 (192.168.1.204),All Users,119939,1:N authentication succeeded (Face)
13/06/2021 09:21,542340159,FaceStation 2 542340159 (192.168.1.204),All Users,119939,1:N authentication succeeded (Face)
13/06/2021 09:23,542340159,FaceStation 2 542340159 (192.168.1.204),All Users,118087,1:N authentication succeeded (Face)
13/06/2021 09:24,542340159,FaceStation 2 542340159 (192.168.1.204),All Users,130071,1:N authentication succeeded (Face)
13/06/2021 09:26,542340159,FaceStation 2 542340159 (192.168.1.204),All Users,59673,1:N authentication succeeded (Face)
13/06/2021 09:27,542340159,FaceStation 2 542340159 (192.168.1.204),All Users,130043,1:N authentication succeeded (Face)
13/06/2021 09:35,542185239,FaceStation 2 542185239 (192.168.1.200),All Users,118499,1:N authentication succeeded (Face)
13/06/2021 09:47,542185239,FaceStation 2 542185239 (192.168.1.200),All Users,120045,1:N authentication succeeded (Face)
13/06/2021 09:47,542340159,FaceStation 2 542340159 (192.168.1.204),All Users,119831,1:N authentication succeeded (Face)
13/06/2021 09:47,542340159,FaceStation 2 542340159 (192.168.1.204),All Users,119831,1:N authentication succeeded (Face)
13/06/2021 09:56,542340159,FaceStation 2 542340159 (192.168.1.204),All Users,115609,1:N authentication succeeded (Face)
13/06/2021 09:57,542340159,FaceStation 2 542340159 (192.168.1.204),All Users,118508,1:N authentication succeeded (Face)
13/06/2021 09:58,542185220,FaceStation 2 542185220 (192.168.1.202),All Users,118722,1:N authentication succeeded (Face)
13/06/2021 10:15,542340159,FaceStation 2 542340159 (192.168.1.204),All Users,119716,1:N authentication succeeded (Face)
13/06/2021 10:19,542340159,FaceStation 2 542340159 (192.168.1.204),All Users,63508,1:N authentication succeeded (Face)
13/06/2021 10:25,542185239,FaceStation 2 542185239 (192.168.1.200),All Users,1610,1:N authentication succeeded (Face)
13/06/2021 10:42,542185216,FaceStation 2 542185216 (192.168.1.201),All Users,429,1:N authentication succeeded (Face)
13/06/2021 10:42,542340159,FaceStation 2 542340159 (192.168.1.204),All Users,120022,1:N authentication succeeded (Face)
13/06/2021 10:43,542185216,FaceStation 2 542185216 (192.168.1.201),All Users,116720,1:N authentication succeeded (Face)
13/06/2021 10:52,542185239,FaceStation 2 542185239 (192.168.1.200),All Users,130072,1:N authentication succeeded (Face)
13/06/2021 10:55,542340159,FaceStation 2 542340159 (192.168.1.204),All Users,115609,1:N authentication succeeded (Face)
13/06/2021 10:56,542340159,FaceStation 2 542340159 (192.168.1.204),All Users,115896,1:N authentication succeeded (Face)
13/06/2021 10:56,542185220,FaceStation 2 542185220 (192.168.1.202),All Users,116090,1:N authentication succeeded (Face)
13/06/2021 10:59,542340159,FaceStation 2 542340159 (192.168.1.204),All Users,38620,1:N authentication succeeded (Face)
13/06/2021 11:16,542340159,FaceStation 2 542340159 (192.168.1.204),All Users,118831,1:N authentication succeeded (Face)
13/06/2021 11:21,542340159,FaceStation 2 542340159 (192.168.1.204),All Users,119998,1:N authentication succeeded (Face)
13/06/2021 11:22,542185220,FaceStation 2 542185220 (192.168.1.202),All Users,115282,1:N authentication succeeded (Face)
13/06/2021 11:24,542340159,FaceStation 2 542340159 (192.168.1.204),All Users,116674,1:N authentication succeeded (Face)
13/06/2021 11:25,542340159,FaceStation 2 542340159 (192.168.1.204),All Users,119521,1:N authentication succeeded (Face)
13/06/2021 11:27,542340159,FaceStation 2 542340159 (192.168.1.204),All Users,130251,1:N authentication succeeded (Face)
13/06/2021 11:31,542340159,FaceStation 2 542340159 (192.168.1.204),All Users,120073,1:N authentication succeeded (Face)
13/06/2021 11:34,542185216,FaceStation 2 542185216 (192.168.1.201),All Users,115583,1:N authentication succeeded (Face)
13/06/2021 11:39,542340159,FaceStation 2 542340159 (192.168.1.204),All Users,954,1:N authentication succeeded (Face)
13/06/2021 11:48,542340159,FaceStation 2 542340159 (192.168.1.204),All Users,120063,1:N authentication succeeded (Face)
13/06/2021 11:48,542185220,FaceStation 2 542185220 (192.168.1.202),All Users,839,1:N authentication succeeded (Face)
13/06/2021 11:50,542340159,FaceStation 2 542340159 (192.168.1.204),All Users,589,1:N authentication succeeded (Face)
13/06/2021 11:50,542340159,FaceStation 2 542340159 (192.168.1.204),All Users,130050,1:N authentication succeeded (Face)
13/06/2021 11:51,542340159,FaceStation 2 542340159 (192.168.1.204),All Users,68253,1:N authentication succeeded (Face)
13/06/2021 11:52,542185216,FaceStation 2 542185216 (192.168.1.201),All Users,40480,1:N authentication succeeded (Face)
13/06/2021 12:02,542340159,FaceStation 2 542340159 (192.168.1.204),All Users,130156,1:N authentication succeeded (Face)
13/06/2021 12:10,542340159,FaceStation 2 542340159 (192.168.1.204),All Users,119874,1:N authentication succeeded (Face)
13/06/2021 12:12,542340159,FaceStation 2 542340159 (192.168.1.204),All Users,118423,1:N authentication succeeded (Face)
13/06/2021 12:13,542340159,FaceStation 2 542340159 (192.168.1.204),All Users,46320,1:N authentication succeeded (Face)
13/06/2021 12:29,542340159,FaceStation 2 542340159 (192.168.1.204),All Users,899,1:N authentication succeeded (Face)
13/06/2021 12:38,542340159,FaceStation 2 542340159 (192.168.1.204),All Users,277,1:N authentication succeeded (Face)
13/06/2021 12:40,542340159,FaceStation 2 542340159 (192.168.1.204),All Users,119149,1:N authentication succeeded (Face)
13/06/2021 12:49,542340159,FaceStation 2 542340159 (192.168.1.204),All Users,130071,1:N authentication succeeded (Face)
13/06/2021 12:56,542185239,FaceStation 2 542185239 (192.168.1.200),All Users,45974,1:N authentication succeeded (Face)
13/06/2021 12:58,542340159,FaceStation 2 542340159 (192.168.1.204),All Users,130241,1:N authentication succeeded (Face)
13/06/2021 13:01,542185216,FaceStation 2 542185216 (192.168.1.201),All Users,115681,1:N authentication succeeded (Face)
13/06/2021 13:02,542185220,FaceStation 2 542185220 (192.168.1.202),All Users,145,1:N authentication succeeded (Face)
13/06/2021 13:02,542185220,FaceStation 2 542185220 (192.168.1.202),All Users,145,1:N authentication succeeded (Face)
13/06/2021 13:02,542185220,FaceStation 2 542185220 (192.168.1.202),All Users,115681,1:N authentication succeeded (Face)
13/06/2021 13:02,542185233,FaceStation 2 542185233 (192.168.1.203),All Users,117487,1:N authentication succeeded (Face)
13/06/2021 13:03,542340159,FaceStation 2 542340159 (192.168.1.204),All Users,118087,1:N authentication succeeded (Face)
13/06/2021 13:04,542185216,FaceStation 2 542185216 (192.168.1.201),All Users,115823,1:N authentication succeeded (Face)
13/06/2021 13:04,542185220,FaceStation 2 542185220 (192.168.1.202),All Users,115823,1:N authentication succeeded (Face)
13/06/2021 13:05,542185220,FaceStation 2 542185220 (192.168.1.202),All Users,118978,1:N authentication succeeded (Face)
13/06/2021 13:05,542185220,FaceStation 2 542185220 (192.168.1.202),All Users,46083,1:N authentication succeeded (Face)
13/06/2021 13:06,542340159,FaceStation 2 542340159 (192.168.1.204),All Users,58072,1:N authentication succeeded (Face)
13/06/2021 13:06,542185216,FaceStation 2 542185216 (192.168.1.201),All Users,58072,1:N authentication succeeded (Face)
13/06/2021 13:09,542340159,FaceStation 2 542340159 (192.168.1.204),All Users,119974,1:N authentication succeeded (Face)
13/06/2021 13:12,542185216,FaceStation 2 542185216 (192.168.1.201),All Users,436,1:N authentication succeeded (Face)
13/06/2021 13:15,542185216,FaceStation 2 542185216 (192.168.1.201),All Users,119853,1:N authentication succeeded (Face)
13/06/2021 13:19,542185239,FaceStation 2 542185239 (192.168.1.200),All Users,130189,1:N authentication succeeded (Face)
13/06/2021 13:20,542185216,FaceStation 2 542185216 (192.168.1.201),All Users,928,1:N authentication succeeded (Face)
13/06/2021 13:20,542185216,FaceStation 2 542185216 (192.168.1.201),All Users,928,1:N authentication succeeded (Face)
13/06/2021 13:21,542340159,FaceStation 2 542340159 (192.168.1.204),All Users,120143,1:N authentication succeeded (Face)
13/06/2021 13:21,542340159,FaceStation 2 542340159 (192.168.1.204),All Users,120099,1:N authentication succeeded (Face)
13/06/2021 13:23,542185239,FaceStation 2 542185239 (192.168.1.200),All Users,130189,1:N authentication succeeded (Face)
13/06/2021 13:31,542340159,FaceStation 2 542340159 (192.168.1.204),All Users,118508,1:N authentication succeeded (Face)
13/06/2021 13:31,542185216,FaceStation 2 542185216 (192.168.1.201),All Users,118722,1:N authentication succeeded (Face)
13/06/2021 13:38,542185216,FaceStation 2 542185216 (192.168.1.201),All Users,22767,1:N authentication succeeded (Face)
13/06/2021 13:43,542340159,FaceStation 2 542340159 (192.168.1.204),All Users,119959,1:N authentication succeeded (Face)
13/06/2021 13:44,542340159,FaceStation 2 542340159 (192.168.1.204),All Users,115020,1:N authentication succeeded (Face)
13/06/2021 13:44,542185239,FaceStation 2 542185239 (192.168.1.200),All Users,119746,1:N authentication succeeded (Face)
13/06/2021 13:45,542340159,FaceStation 2 542340159 (192.168.1.204),All Users,59673,1:N authentication succeeded (Face)
13/06/2021 13:45,542340159,FaceStation 2 542340159 (192.168.1.204),All Users,817,1:N authentication succeeded (Face)
13/06/2021 13:45,542185239,FaceStation 2 542185239 (192.168.1.200),All Users,118499,1:N authentication succeeded (Face)
13/06/2021 13:46,542185216,FaceStation 2 542185216 (192.168.1.201),All Users,119953,1:N authentication succeeded (Face)
13/06/2021 13:47,542185239,FaceStation 2 542185239 (192.168.1.200),All Users,69262,1:N authentication succeeded (Face)
13/06/2021 13:47,542185239,FaceStation 2 542185239 (192.168.1.200),All Users,69262,1:N authentication succeeded (Face)
13/06/2021 13:51,542340159,FaceStation 2 542340159 (192.168.1.204),All Users,115896,1:N authentication succeeded (Face)
13/06/2021 13:51,542185220,FaceStation 2 542185220 (192.168.1.202),All Users,116090,1:N authentication succeeded (Face)
13/06/2021 13:53,542185216,FaceStation 2 542185216 (192.168.1.201),All Users,202,1:N authentication succeeded (Face)
13/06/2021 13:53,542340159,FaceStation 2 542340159 (192.168.1.204),All Users,119518,1:N authentication succeeded (Face)
13/06/2021 13:53,542185239,FaceStation 2 542185239 (192.168.1.200),All Users,120052,1:N authentication succeeded (Face)
13/06/2021 13:56,542185220,FaceStation 2 542185220 (192.168.1.202),All Users,33715,1:N authentication succeeded (Face)
13/06/2021 13:57,542340159,FaceStation 2 542340159 (192.168.1.204),All Users,130215,1:N authentication succeeded (Face)
13/06/2021 14:08,542340159,FaceStation 2 542340159 (192.168.1.204),All Users,130054,1:N authentication succeeded (Face)
13/06/2021 14:26,542185220,FaceStation 2 542185220 (192.168.1.202),All Users,118503,1:N authentication succeeded (Face)
13/06/2021 14:30,542185216,FaceStation 2 542185216 (192.168.1.201),All Users,41596,1:N authentication succeeded (Face)
13/06/2021 14:35,542340159,FaceStation 2 542340159 (192.168.1.204),All Users,119716,1:N authentication succeeded (Face)
13/06/2021 14:35,542185216,FaceStation 2 542185216 (192.168.1.201),All Users,55367,1:N authentication succeeded (Face)
13/06/2021 14:35,542185216,FaceStation 2 542185216 (192.168.1.201),All Users,49498,1:N authentication succeeded (Face)
13/06/2021 14:38,542185239,FaceStation 2 542185239 (192.168.1.200),All Users,116103,1:N authentication succeeded (Face)
13/06/2021 14:40,542340159,FaceStation 2 542340159 (192.168.1.204),All Users,115986,1:N authentication succeeded (Face)
13/06/2021 14:41,542340159,FaceStation 2 542340159 (192.168.1.204),All Users,119915,1:N authentication succeeded (Face)
13/06/2021 14:41,542185220,FaceStation 2 542185220 (192.168.1.202),All Users,117409,1:N authentication succeeded (Face)
13/06/2021 14:41,542185239,FaceStation 2 542185239 (192.168.1.200),All Users,130189,1:N authentication succeeded (Face)
13/06/2021 14:42,542185220,FaceStation 2 542185220 (192.168.1.202),All Users,118660,1:N authentication succeeded (Face)
13/06/2021 14:42,542340159,FaceStation 2 542340159 (192.168.1.204),All Users,130243,1:N authentication succeeded (Face)
13/06/2021 14:43,542340159,FaceStation 2 542340159 (192.168.1.204),All Users,120033,1:N authentication succeeded (Face)
13/06/2021 14:43,542185220,FaceStation 2 542185220 (192.168.1.202),All Users,119942,1:N authentication succeeded (Face)
13/06/2021 14:43,542340159,FaceStation 2 542340159 (192.168.1.204),All Users,130244,1:N authentication succeeded (Face)
13/06/2021 14:43,542185220,FaceStation 2 542185220 (192.168.1.202),All Users,119899,1:N authentication succeeded (Face)
13/06/2021 14:43,542185220,FaceStation 2 542185220 (192.168.1.202),All Users,119899,1:N authentication succeeded (Face)
13/06/2021 14:43,542185220,FaceStation 2 542185220 (192.168.1.202),All Users,118660,1:N authentication succeeded (Face)
13/06/2021 14:43,542340159,FaceStation 2 542340159 (192.168.1.204),All Users,119863,1:N authentication succeeded (Face)
13/06/2021 14:43,542185239,FaceStation 2 542185239 (192.168.1.200),All Users,119983,1:N authentication succeeded (Face)
13/06/2021 14:44,542340159,FaceStation 2 542340159 (192.168.1.204),All Users,119854,1:N authentication succeeded (Face)
13/06/2021 14:44,542340159,FaceStation 2 542340159 (192.168.1.204),All Users,68814,1:N authentication succeeded (Face)
13/06/2021 14:45,542185233,FaceStation 2 542185233 (192.168.1.203),All Users,116103,1:N authentication succeeded (Face)
13/06/2021 14:45,542185233,FaceStation 2 542185233 (192.168.1.203),All Users,116103,1:N authentication succeeded (Face)
13/06/2021 14:47,542340159,FaceStation 2 542340159 (192.168.1.204),All Users,63508,1:N authentication succeeded (Face)
13/06/2021 14:48,542185239,FaceStation 2 542185239 (192.168.1.200),All Users,294,1:N authentication succeeded (Face)
13/06/2021 14:51,542340159,FaceStation 2 542340159 (192.168.1.204),All Users,67208,1:N authentication succeeded (Face)
13/06/2021 14:53,542185220,FaceStation 2 542185220 (192.168.1.202),All Users,118175,1:N authentication succeeded (Face)
13/06/2021 14:56,542340159,FaceStation 2 542340159 (192.168.1.204),All Users,184,1:N authentication succeeded (Face)
13/06/2021 14:58,542340159,FaceStation 2 542340159 (192.168.1.204),All Users,119414,1:N authentication succeeded (Face)
13/06/2021 14:58,542340159,FaceStation 2 542340159 (192.168.1.204),All Users,119939,1:N authentication succeeded (Face)
13/06/2021 14:58,542340159,FaceStation 2 542340159 (192.168.1.204),All Users,119939,1:N authentication succeeded (Face)
13/06/2021 14:58,542185216,FaceStation 2 542185216 (192.168.1.201),All Users,117305,1:N authentication succeeded (Face)
13/06/2021 14:59,542340159,FaceStation 2 542340159 (192.168.1.204),All Users,119832,1:N authentication succeeded (Face)
13/06/2021 14:59,542340159,FaceStation 2 542340159 (192.168.1.204),All Users,115792,1:N authentication succeeded (Face)
13/06/2021 15:00,542185216,FaceStation 2 542185216 (192.168.1.201),All Users,115626,1:N authentication succeeded (Face)
13/06/2021 15:00,542185216,FaceStation 2 542185216 (192.168.1.201),All Users,115626,1:N authentication succeeded (Face)
13/06/2021 15:01,542340159,FaceStation 2 542340159 (192.168.1.204),All Users,862,1:N authentication succeeded (Face)
13/06/2021 15:19,542340159,FaceStation 2 542340159 (192.168.1.204),All Users,130061,1:N authentication succeeded (Face)
13/06/2021 15:26,542340159,FaceStation 2 542340159 (192.168.1.204),All Users,120027,1:N authentication succeeded (Face)
13/06/2021 15:32,542340159,FaceStation 2 542340159 (192.168.1.204),All Users,130204,1:N authentication succeeded (Face)
13/06/2021 15:34,542340159,FaceStation 2 542340159 (192.168.1.204),All Users,444,1:N authentication succeeded (Face)
13/06/2021 15:34,542340159,FaceStation 2 542340159 (192.168.1.204),All Users,444,1:N authentication succeeded (Face)
13/06/2021 15:35,542340159,FaceStation 2 542340159 (192.168.1.204),All Users,444,1:N authentication succeeded (Face)
13/06/2021 15:43,542185239,FaceStation 2 542185239 (192.168.1.200),All Users,119897,1:N authentication succeeded (Face)
13/06/2021 15:44,542340159,FaceStation 2 542340159 (192.168.1.204),All Users,113,1:N authentication succeeded (Face)
13/06/2021 15:46,542340159,FaceStation 2 542340159 (192.168.1.204),All Users,367,1:N authentication succeeded (Face)
13/06/2021 15:58,542340159,FaceStation 2 542340159 (192.168.1.204),All Users,119988,1:N authentication succeeded (Face)
13/06/2021 15:59,542340159,FaceStation 2 542340159 (192.168.1.204),All Users,119831,1:N authentication succeeded (Face)
13/06/2021 15:59,542340159,FaceStation 2 542340159 (192.168.1.204),All Users,119831,1:N authentication succeeded (Face)
13/06/2021 15:59,542340159,FaceStation 2 542340159 (192.168.1.204),All Users,130082,1:N authentication succeeded (Face)
13/06/2021 15:59,542340159,FaceStation 2 542340159 (192.168.1.204),All Users,130082,1:N authentication succeeded (Face)
13/06/2021 16:10,542185239,FaceStation 2 542185239 (192.168.1.200),All Users,120144,1:N authentication succeeded (Face)
13/06/2021 16:14,542340159,FaceStation 2 542340159 (192.168.1.204),All Users,119571,1:N authentication succeeded (Face)
13/06/2021 16:39,542340159,FaceStation 2 542340159 (192.168.1.204),All Users,130145,1:N authentication succeeded (Face)
13/06/2021 16:51,542340159,FaceStation 2 542340159 (192.168.1.204),All Users,621,1:N authentication succeeded (Face)
13/06/2021 16:59,542340159,FaceStation 2 542340159 (192.168.1.204),All Users,130072,1:N authentication succeeded (Face)
13/06/2021 17:07,542340159,FaceStation 2 542340159 (192.168.1.204),All Users,1134,1:N authentication succeeded (Face)
13/06/2021 17:12,542185216,FaceStation 2 542185216 (192.168.1.201),All Users,974,1:N authentication succeeded (Face)
13/06/2021 17:21,542340159,FaceStation 2 542340159 (192.168.1.204),All Users,120073,1:N authentication succeeded (Face)
13/06/2021 18:09,542340159,FaceStation 2 542340159 (192.168.1.204),All Users,120076,1:N authentication succeeded (Face)
13/06/2021 18:09,542185239,FaceStation 2 542185239 (192.168.1.200),All Users,120045,1:N authentication succeeded (Face)
13/06/2021 18:09,542185220,FaceStation 2 542185220 (192.168.1.202),All Users,118520,1:N authentication succeeded (Face)
13/06/2021 18:10,542185239,FaceStation 2 542185239 (192.168.1.200),All Users,120124,1:N authentication succeeded (Face)
13/06/2021 18:10,542185233,FaceStation 2 542185233 (192.168.1.203),All Users,118252,1:N authentication succeeded (Face)
13/06/2021 18:14,542185239,FaceStation 2 542185239 (192.168.1.200),All Users,119317,1:N authentication succeeded (Face)
13/06/2021 18:14,542185220,FaceStation 2 542185220 (192.168.1.202),All Users,119547,1:N authentication succeeded (Face)
13/06/2021 18:56,542340159,FaceStation 2 542340159 (192.168.1.204),All Users,130043,1:N authentication succeeded (Face)
13/06/2021 18:56,542340159,FaceStation 2 542340159 (192.168.1.204),All Users,119046,1:N authentication succeeded (Face)
13/06/2021 18:57,542185239,FaceStation 2 542185239 (192.168.1.200),All Users,343,1:N authentication succeeded (Face)
13/06/2021 19:01,542185216,FaceStation 2 542185216 (192.168.1.201),All Users,65684,1:N authentication succeeded (Face)
13/06/2021 19:07,542185233,FaceStation 2 542185233 (192.168.1.203),All Users,119387,1:N authentication succeeded (Face)
13/06/2021 19:16,542340159,FaceStation 2 542340159 (192.168.1.204),All Users,120031,1:N authentication succeeded (Face)
13/06/2021 19:16,542340159,FaceStation 2 542340159 (192.168.1.204),All Users,120031,1:N authentication succeeded (Face)
13/06/2021 19:16,542340159,FaceStation 2 542340159 (192.168.1.204),All Users,130239,1:N authentication succeeded (Face)
13/06/2021 19:16,542185216,FaceStation 2 542185216 (192.168.1.201),All Users,130239,1:N authentication succeeded (Face)
13/06/2021 19:16,542340159,FaceStation 2 542340159 (192.168.1.204),All Users,130239,1:N authentication succeeded (Face)
13/06/2021 19:16,542185216,FaceStation 2 542185216 (192.168.1.201),All Users,130239,1:N authentication succeeded (Face)
13/06/2021 19:16,542185220,FaceStation 2 542185220 (192.168.1.202),All Users,115410,1:N authentication succeeded (Face)
13/06/2021 19:17,542185233,FaceStation 2 542185233 (192.168.1.203),All Users,115410,1:N authentication succeeded (Face)
13/06/2021 19:18,542340159,FaceStation 2 542340159 (192.168.1.204),All Users,543,1:N authentication succeeded (Face)
13/06/2021 19:30,542340159,FaceStation 2 542340159 (192.168.1.204),All Users,120014,1:N authentication succeeded (Face)
13/06/2021 21:54,542340159,FaceStation 2 542340159 (192.168.1.204),All Users,117623,1:N authentication succeeded (Face)
