Date,Device ID,Device,User Group,User,Event
2022-03-24 18:19:07,542198617,FaceStation 2 542198617 (192.168.8.205),All Users,200061,1:N authentication succeeded (Face)
2022-03-24 18:15:10,542198617,FaceStation 2 542198617 (192.168.8.205),All Users,200205,User enrollment succeeded
2022-03-24 18:09:37,542198617,FaceStation 2 542198617 (192.168.8.205),All Users,200066,1:N authentication succeeded (Face)
2022-03-24 18:09:10,542198617,FaceStation 2 542198617 (192.168.8.205),All Users,200150,1:N authentication succeeded (Face)
2022-03-24 18:02:43,542198617,FaceStation 2 542198617 (192.168.8.205),All Users,200173,1:N authentication succeeded (Face)
2022-03-24 17:46:35,542198617,FaceStation 2 542198617 (192.168.8.205),All Users,200162,1:N authentication succeeded (Face)
2022-03-24 17:44:15,542198617,FaceStation 2 542198617 (192.168.8.205),All Users,200078,1:N authentication succeeded (Face)
2022-03-24 17:44:12,542198617,FaceStation 2 542198617 (192.168.8.205),All Users,200077,1:N authentication succeeded (Face)
2022-03-24 17:40:51,542198617,FaceStation 2 542198617 (192.168.8.205),All Users,200059,1:N authentication succeeded (Face)
2022-03-24 17:39:37,542198617,FaceStation 2 542198617 (192.168.8.205),All Users,200058,1:N authentication succeeded (Face)
2022-03-24 17:39:26,542198617,FaceStation 2 542198617 (192.168.8.205),All Users,200031,1:N authentication succeeded (Face)
2022-03-24 17:39:23,542198617,FaceStation 2 542198617 (192.168.8.205),All Users,200141,1:N authentication succeeded (Face)
2022-03-24 17:39:19,542198617,FaceStation 2 542198617 (192.168.8.205),All Users,200184,1:N authentication succeeded (Face)
2022-03-24 17:39:14,542198617,FaceStation 2 542198617 (192.168.8.205),All Users,200099,1:N authentication succeeded (Face)
2022-03-24 17:39:07,542198617,FaceStation 2 542198617 (192.168.8.205),All Users,200099,1:N authentication succeeded (Face)
2022-03-24 17:39:03,542198617,FaceStation 2 542198617 (192.168.8.205),All Users,200196,1:N authentication succeeded (Face)
2022-03-24 17:38:37,542198617,FaceStation 2 542198617 (192.168.8.205),All Users,200197,1:N authentication succeeded (Face)
2022-03-24 17:38:27,542198617,FaceStation 2 542198617 (192.168.8.205),All Users,200073,1:N authentication succeeded (Face)
2022-03-24 17:37:42,542198617,FaceStation 2 542198617 (192.168.8.205),All Users,200125,1:N authentication succeeded (Face)
2022-03-24 17:37:01,542198617,FaceStation 2 542198617 (192.168.8.205),All Users,200039,1:N authentication succeeded (Face)
2022-03-24 17:36:58,542198617,FaceStation 2 542198617 (192.168.8.205),All Users,200187,1:N authentication succeeded (Face)
2022-03-24 17:36:53,542198617,FaceStation 2 542198617 (192.168.8.205),All Users,200064,1:N authentication succeeded (Face)
2022-03-24 17:36:46,542198617,FaceStation 2 542198617 (192.168.8.205),All Users,200048,1:N authentication succeeded (Face)
2022-03-24 17:03:03,542198617,FaceStation 2 542198617 (192.168.8.205),All Users,200044,1:N authentication succeeded (Face)
2022-03-24 16:54:13,542198617,FaceStation 2 542198617 (192.168.8.205),All Users,200109,1:N authentication succeeded (Face)
2022-03-24 16:41:08,542198617,FaceStation 2 542198617 (192.168.8.205),,,BioStar connected
2022-03-24 16:40:25,542198617,FaceStation 2 542198617 (192.168.8.205),,,Network connected
2022-03-24 16:40:25,542198617,FaceStation 2 542198617 (192.168.8.205),,,DHCP connected
2022-03-24 15:54:39,542198617,FaceStation 2 542198617 (192.168.8.205),,,Network disconnected
2022-03-24 15:54:39,542198617,FaceStation 2 542198617 (192.168.8.205),,,BioStar disconnected
2022-03-24 15:11:41,542198617,FaceStation 2 542198617 (192.168.8.205),,,Device time changed
2022-03-24 15:11:34,542198617,FaceStation 2 542198617 (192.168.8.205),,,Device time changed
2022-03-24 15:11:02,542198617,FaceStation 2 542198617 (192.168.8.205),,,BioStar connected
2022-03-24 14:11:13,542198617,FaceStation 2 542198617 (192.168.8.205),All Users,200053,1:N authentication succeeded (Face)
2022-03-24 13:09:36,542198617,FaceStation 2 542198617 (192.168.8.205),,,BioStar disconnected
2022-03-24 13:09:02,542198617,FaceStation 2 542198617 (192.168.8.205),,,Device time changed
2022-03-24 13:08:56,542198617,FaceStation 2 542198617 (192.168.8.205),,,Device time changed
2022-03-24 13:05:22,542198617,FaceStation 2 542198617 (192.168.8.205),,,BioStar connected
2022-03-24 13:03:39,542198617,FaceStation 2 542198617 (192.168.8.205),,,BioStar disconnected
2022-03-24 13:02:28,542198617,FaceStation 2 542198617 (192.168.8.205),,,BioStar connected
2022-03-24 13:00:56,542198617,FaceStation 2 542198617 (192.168.8.205),,,BioStar disconnected
2022-03-24 12:58:08,542198617,FaceStation 2 542198617 (192.168.8.205),All Users,200201,1:N authentication succeeded (Face)
2022-03-24 12:46:12,542198617,FaceStation 2 542198617 (192.168.8.205),,,BioStar connected
2022-03-24 12:37:17,542198617,FaceStation 2 542198617 (192.168.8.205),,,Network connected
2022-03-24 12:37:17,542198617,FaceStation 2 542198617 (192.168.8.205),,,DHCP connected
2022-03-24 12:34:15,542198617,FaceStation 2 542198617 (192.168.8.205),,,Network disconnected
2022-03-24 11:18:23,542198617,FaceStation 2 542198617 (192.168.8.205),,,BioStar disconnected
2022-03-24 10:48:51,542198617,FaceStation 2 542198617 (192.168.8.205),,,BioStar connected
2022-03-24 10:19:20,542198617,FaceStation 2 542198617 (192.168.8.205),All Users,200092,1:N authentication succeeded (Face)
2022-03-24 08:11:47,542198617,FaceStation 2 542198617 (192.168.8.205),,,BioStar disconnected
2022-03-24 08:08:37,542198617,FaceStation 2 542198617 (192.168.8.205),All Users,200173,1:N authentication succeeded (Face)
2022-03-24 08:02:45,542198617,FaceStation 2 542198617 (192.168.8.205),All Users,200005,1:N authentication succeeded (Face)
2022-03-24 08:02:42,542198617,FaceStation 2 542198617 (192.168.8.205),All Users,200178,1:N authentication succeeded (Face)
2022-03-24 08:02:39,542198617,FaceStation 2 542198617 (192.168.8.205),All Users,200204,1:N authentication succeeded (Face)
2022-03-24 08:02:33,542198617,FaceStation 2 542198617 (192.168.8.205),All Users,200015,1:N authentication succeeded (Face)
2022-03-24 08:02:11,542198617,FaceStation 2 542198617 (192.168.8.205),All Users,200073,1:N authentication succeeded (Face)
2022-03-24 08:00:39,542198617,FaceStation 2 542198617 (192.168.8.205),All Users,200142,1:N authentication succeeded (Face)
2022-03-24 08:00:21,542198617,FaceStation 2 542198617 (192.168.8.205),All Users,200059,1:N authentication succeeded (Face)
2022-03-24 08:00:17,542198617,FaceStation 2 542198617 (192.168.8.205),All Users,200058,1:N authentication succeeded (Face)
2022-03-24 07:59:55,542198617,FaceStation 2 542198617 (192.168.8.205),All Users,200174,1:N authentication succeeded (Face)
2022-03-24 07:59:49,542198617,FaceStation 2 542198617 (192.168.8.205),All Users,200193,1:N authentication succeeded (Face)
2022-03-24 07:59:45,542198617,FaceStation 2 542198617 (192.168.8.205),All Users,200158,1:N authentication succeeded (Face)
2022-03-24 07:59:41,542198617,FaceStation 2 542198617 (192.168.8.205),All Users,200200,1:N authentication succeeded (Face)
2022-03-24 07:59:26,542198617,FaceStation 2 542198617 (192.168.8.205),All Users,200068,1:N authentication succeeded (Face)
2022-03-24 07:59:11,542198617,FaceStation 2 542198617 (192.168.8.205),All Users,200048,1:N authentication succeeded (Face)
2022-03-24 07:59:06,542198617,FaceStation 2 542198617 (192.168.8.205),All Users,200175,1:N authentication succeeded (Face)
2022-03-24 07:59:02,542198617,FaceStation 2 542198617 (192.168.8.205),All Users,200192,1:N authentication succeeded (Face)
2022-03-24 07:58:58,542198617,FaceStation 2 542198617 (192.168.8.205),All Users,200039,1:N authentication succeeded (Face)
2022-03-24 07:58:54,542198617,FaceStation 2 542198617 (192.168.8.205),All Users,200064,1:N authentication succeeded (Face)
2022-03-24 07:58:50,542198617,FaceStation 2 542198617 (192.168.8.205),All Users,200190,1:N authentication succeeded (Face)
2022-03-24 07:58:47,542198617,FaceStation 2 542198617 (192.168.8.205),All Users,200136,1:N authentication succeeded (Face)
2022-03-24 07:58:44,542198617,FaceStation 2 542198617 (192.168.8.205),All Users,200135,1:N authentication succeeded (Face)
2022-03-24 07:58:38,542198617,FaceStation 2 542198617 (192.168.8.205),All Users,200194,1:N authentication succeeded (Face)
2022-03-24 07:58:31,542198617,FaceStation 2 542198617 (192.168.8.205),All Users,200162,1:N authentication succeeded (Face)
2022-03-24 07:58:27,542198617,FaceStation 2 542198617 (192.168.8.205),All Users,200033,1:N authentication succeeded (Face)
2022-03-24 07:58:23,542198617,FaceStation 2 542198617 (192.168.8.205),All Users,200104,1:N authentication succeeded (Face)
2022-03-24 07:58:20,542198617,FaceStation 2 542198617 (192.168.8.205),All Users,200047,1:N authentication succeeded (Face)
2022-03-24 07:57:33,542198617,FaceStation 2 542198617 (192.168.8.205),All Users,200078,1:N authentication succeeded (Face)
2022-03-24 07:57:30,542198617,FaceStation 2 542198617 (192.168.8.205),All Users,200077,1:N authentication succeeded (Face)
2022-03-24 07:57:27,542198617,FaceStation 2 542198617 (192.168.8.205),All Users,200151,1:N authentication succeeded (Face)
2022-03-24 07:57:23,542198617,FaceStation 2 542198617 (192.168.8.205),All Users,200161,1:N authentication succeeded (Face)
2022-03-24 07:57:18,542198617,FaceStation 2 542198617 (192.168.8.205),All Users,200150,1:N authentication succeeded (Face)
2022-03-24 07:57:12,542198617,FaceStation 2 542198617 (192.168.8.205),All Users,200063,1:N authentication succeeded (Face)
2022-03-24 07:56:42,542198617,FaceStation 2 542198617 (192.168.8.205),All Users,200018,1:N authentication succeeded (Face)
2022-03-24 07:56:38,542198617,FaceStation 2 542198617 (192.168.8.205),All Users,200019,1:N authentication succeeded (Face)
2022-03-24 07:55:56,542198617,FaceStation 2 542198617 (192.168.8.205),All Users,200189,1:N authentication succeeded (Face)
2022-03-24 07:55:52,542198617,FaceStation 2 542198617 (192.168.8.205),All Users,200188,1:N authentication succeeded (Face)
2022-03-24 07:55:45,542198617,FaceStation 2 542198617 (192.168.8.205),All Users,200042,1:N authentication succeeded (Face)
2022-03-24 07:55:02,542198617,FaceStation 2 542198617 (192.168.8.205),All Users,200202,1:N authentication succeeded (Face)
2022-03-24 07:54:58,542198617,FaceStation 2 542198617 (192.168.8.205),All Users,200201,1:N authentication succeeded (Face)
2022-03-24 07:53:33,542198617,FaceStation 2 542198617 (192.168.8.205),All Users,200166,1:N authentication succeeded (Face)
2022-03-24 07:53:30,542198617,FaceStation 2 542198617 (192.168.8.205),All Users,200072,1:N authentication succeeded (Face)
2022-03-24 07:53:25,542198617,FaceStation 2 542198617 (192.168.8.205),All Users,200107,1:N authentication succeeded (Face)
2022-03-24 07:53:20,542198617,FaceStation 2 542198617 (192.168.8.205),All Users,200141,1:N authentication succeeded (Face)
2022-03-24 07:53:11,542198617,FaceStation 2 542198617 (192.168.8.205),All Users,200163,1:N authentication succeeded (Face)
2022-03-24 07:52:29,542198617,FaceStation 2 542198617 (192.168.8.205),All Users,200066,1:N authentication succeeded (Face)
2022-03-24 07:52:19,542198617,FaceStation 2 542198617 (192.168.8.205),All Users,200180,1:N authentication succeeded (Face)
2022-03-24 07:52:15,542198617,FaceStation 2 542198617 (192.168.8.205),All Users,200031,1:N authentication succeeded (Face)
2022-03-24 07:52:11,542198617,FaceStation 2 542198617 (192.168.8.205),All Users,200061,1:N authentication succeeded (Face)
2022-03-24 07:52:03,542198617,FaceStation 2 542198617 (192.168.8.205),All Users,200186,1:N authentication succeeded (Face)
2022-03-24 07:51:58,542198617,FaceStation 2 542198617 (192.168.8.205),All Users,200091,1:N authentication succeeded (Face)
2022-03-24 07:51:56,542198617,FaceStation 2 542198617 (192.168.8.205),All Users,200134,1:N authentication succeeded (Face)
2022-03-24 07:51:52,542198617,FaceStation 2 542198617 (192.168.8.205),All Users,200067,1:N authentication succeeded (Face)
2022-03-24 07:51:47,542198617,FaceStation 2 542198617 (192.168.8.205),All Users,200082,1:N authentication succeeded (Face)
2022-03-24 07:51:41,542198617,FaceStation 2 542198617 (192.168.8.205),All Users,200181,1:N authentication succeeded (Face)
2022-03-24 07:51:39,542198617,FaceStation 2 542198617 (192.168.8.205),All Users,200199,1:N authentication succeeded (Face)
2022-03-24 07:51:35,542198617,FaceStation 2 542198617 (192.168.8.205),All Users,200184,1:N authentication succeeded (Face)
2022-03-24 07:50:51,542198617,FaceStation 2 542198617 (192.168.8.205),All Users,200056,1:N authentication succeeded (Face)
2022-03-24 07:50:38,542198617,FaceStation 2 542198617 (192.168.8.205),All Users,200011,1:N authentication succeeded (Face)
2022-03-24 07:50:33,542198617,FaceStation 2 542198617 (192.168.8.205),All Users,200007,1:N authentication succeeded (Face)
2022-03-24 07:50:29,542198617,FaceStation 2 542198617 (192.168.8.205),All Users,200105,1:N authentication succeeded (Face)
2022-03-24 07:50:27,542198617,FaceStation 2 542198617 (192.168.8.205),All Users,200125,1:N authentication succeeded (Face)
2022-03-24 07:50:20,542198617,FaceStation 2 542198617 (192.168.8.205),All Users,200055,1:N authentication succeeded (Face)
2022-03-24 07:49:53,542198617,FaceStation 2 542198617 (192.168.8.205),,,BioStar connected
2022-03-24 07:49:00,542198617,FaceStation 2 542198617 (192.168.8.205),All Users,200052,1:N authentication succeeded (Face)
2022-03-24 07:48:56,542198617,FaceStation 2 542198617 (192.168.8.205),All Users,200121,1:N authentication succeeded (Face)
2022-03-24 07:47:36,542198617,FaceStation 2 542198617 (192.168.8.205),,,BioStar disconnected
2022-03-24 07:46:36,542198617,FaceStation 2 542198617 (192.168.8.205),All Users,200049,1:N authentication succeeded (Face)
2022-03-24 07:46:07,542198617,FaceStation 2 542198617 (192.168.8.205),All Users,200164,1:N authentication succeeded (Face)
2022-03-24 07:44:13,542198617,FaceStation 2 542198617 (192.168.8.205),All Users,200021,1:N authentication succeeded (Face)
2022-03-24 07:44:07,542198617,FaceStation 2 542198617 (192.168.8.205),All Users,200017,1:N authentication succeeded (Face)
2022-03-24 07:43:35,542198617,FaceStation 2 542198617 (192.168.8.205),All Users,200195,1:N authentication succeeded (Face)
2022-03-24 07:42:49,542198617,FaceStation 2 542198617 (192.168.8.205),All Users,200008,1:N authentication succeeded (Face)
2022-03-24 07:41:52,542198617,FaceStation 2 542198617 (192.168.8.205),All Users,200120,1:N authentication succeeded (Face)
2022-03-24 07:39:53,542198617,FaceStation 2 542198617 (192.168.8.205),,,BioStar connected
2022-03-24 07:39:43,542198617,FaceStation 2 542198617 (192.168.8.205),All Users,200168,1:N authentication succeeded (Face)
2022-03-24 07:37:16,542198617,FaceStation 2 542198617 (192.168.8.205),All Users,200170,1:N authentication succeeded (Face)
2022-03-24 07:36:01,542198617,FaceStation 2 542198617 (192.168.8.205),All Users,200006,1:N authentication succeeded (Face)
2022-03-24 07:35:23,542198617,FaceStation 2 542198617 (192.168.8.205),All Users,200110,1:N authentication succeeded (Face)
2022-03-24 07:32:11,542198617,FaceStation 2 542198617 (192.168.8.205),All Users,200028,1:N authentication succeeded (Face)
2022-03-24 07:29:39,542198617,FaceStation 2 542198617 (192.168.8.205),All Users,200129,1:N authentication succeeded (Face)
2022-03-24 07:29:35,542198617,FaceStation 2 542198617 (192.168.8.205),All Users,200023,1:N authentication succeeded (Face)
2022-03-24 07:29:31,542198617,FaceStation 2 542198617 (192.168.8.205),All Users,200167,1:N authentication succeeded (Face)
2022-03-24 07:29:26,542198617,FaceStation 2 542198617 (192.168.8.205),All Users,200111,1:N authentication succeeded (Face)
2022-03-24 07:27:20,542198617,FaceStation 2 542198617 (192.168.8.205),All Users,200044,1:N authentication succeeded (Face)
2022-03-24 07:13:48,542198617,FaceStation 2 542198617 (192.168.8.205),All Users,200050,1:N authentication succeeded (Face)
2022-03-24 07:13:27,542198617,FaceStation 2 542198617 (192.168.8.205),All Users,200197,1:N authentication succeeded (Face)
2022-03-24 07:13:23,542198617,FaceStation 2 542198617 (192.168.8.205),All Users,200196,1:N authentication succeeded (Face)
2022-03-24 07:13:20,542198617,FaceStation 2 542198617 (192.168.8.205),All Users,200099,1:N authentication succeeded (Face)
2022-03-24 07:13:16,542198617,FaceStation 2 542198617 (192.168.8.205),All Users,200187,1:N authentication succeeded (Face)
2022-03-24 07:07:19,542198617,FaceStation 2 542198617 (192.168.8.205),All Users,200062,1:N authentication succeeded (Face)
2022-03-24 07:07:05,542198617,FaceStation 2 542198617 (192.168.8.205),All Users,200203,1:N authentication succeeded (Face)
2022-03-24 07:06:44,542198617,FaceStation 2 542198617 (192.168.8.205),All Users,200157,1:N authentication succeeded (Face)
2022-03-24 07:03:53,542198617,FaceStation 2 542198617 (192.168.8.205),All Users,200004,1:N authentication succeeded (Face)
2022-03-24 06:53:56,542198617,FaceStation 2 542198617 (192.168.8.205),All Users,200002,1:N authentication succeeded (Face)
2022-03-24 06:53:54,542198617,FaceStation 2 542198617 (192.168.8.205),All Users,200002,1:N authentication succeeded (Face)
2022-03-24 06:53:51,542198617,FaceStation 2 542198617 (192.168.8.205),All Users,200002,1:N authentication succeeded (Face)
2022-03-24 06:45:32,542198617,FaceStation 2 542198617 (192.168.8.205),All Users,200127,1:N authentication succeeded (Face)
2022-03-24 06:33:27,542198617,FaceStation 2 542198617 (192.168.8.205),All Users,200156,1:N authentication succeeded (Face)
2022-03-24 00:36:55,542198617,FaceStation 2 542198617 (192.168.8.205),All Users,200109,1:N authentication succeeded (Face)
2022-03-23 19:08:07,542198617,FaceStation 2 542198617 (192.168.8.205),All Users,200202,1:N authentication succeeded (Face)
2022-03-23 19:08:01,542198617,FaceStation 2 542198617 (192.168.8.205),All Users,200189,1:N authentication succeeded (Face)
2022-03-23 19:07:56,542198617,FaceStation 2 542198617 (192.168.8.205),All Users,200161,1:N authentication succeeded (Face)
2022-03-23 19:07:51,542198617,FaceStation 2 542198617 (192.168.8.205),All Users,200188,1:N authentication succeeded (Face)
2022-03-23 19:07:47,542198617,FaceStation 2 542198617 (192.168.8.205),,,Authentication failed (Timeout)
2022-03-23 19:07:37,542198617,FaceStation 2 542198617 (192.168.8.205),All Users,200201,1:N authentication succeeded (Face)
2022-03-23 19:07:03,542198617,FaceStation 2 542198617 (192.168.8.205),All Users,200200,1:N authentication succeeded (Face)
2022-03-23 19:05:54,542198617,FaceStation 2 542198617 (192.168.8.205),All Users,200174,1:N authentication succeeded (Face)
2022-03-23 19:05:45,542198617,FaceStation 2 542198617 (192.168.8.205),All Users,200006,1:N authentication succeeded (Face)
2022-03-23 19:05:39,542198617,FaceStation 2 542198617 (192.168.8.205),All Users,200158,1:N authentication succeeded (Face)
2022-03-23 19:05:29,542198617,FaceStation 2 542198617 (192.168.8.205),All Users,200151,1:N authentication succeeded (Face)
2022-03-23 19:05:25,542198617,FaceStation 2 542198617 (192.168.8.205),All Users,200001,1:N authentication succeeded (Face)
2022-03-23 19:05:19,542198617,FaceStation 2 542198617 (192.168.8.205),All Users,200058,1:N authentication succeeded (Face)
2022-03-23 19:05:13,542198617,FaceStation 2 542198617 (192.168.8.205),All Users,200203,1:N authentication succeeded (Face)
2022-03-23 19:04:30,542198617,FaceStation 2 542198617 (192.168.8.205),All Users,200042,1:N authentication succeeded (Face)
2022-03-23 19:04:25,542198617,FaceStation 2 542198617 (192.168.8.205),All Users,200127,1:N authentication succeeded (Face)
2022-03-23 19:03:53,542198617,FaceStation 2 542198617 (192.168.8.205),All Users,200021,1:N authentication succeeded (Face)
2022-03-23 19:03:11,542198617,FaceStation 2 542198617 (192.168.8.205),All Users,200059,1:N authentication succeeded (Face)
2022-03-23 19:02:57,542198617,FaceStation 2 542198617 (192.168.8.205),All Users,200092,1:N authentication succeeded (Face)
2022-03-23 19:00:52,542198617,FaceStation 2 542198617 (192.168.8.205),All Users,200107,1:N authentication succeeded (Face)
2022-03-23 19:00:26,542198617,FaceStation 2 542198617 (192.168.8.205),All Users,200005,1:N authentication succeeded (Face)
2022-03-23 18:59:50,542198617,FaceStation 2 542198617 (192.168.8.205),All Users,200008,1:N authentication succeeded (Face)
2022-03-23 18:59:43,542198617,FaceStation 2 542198617 (192.168.8.205),All Users,200120,1:N authentication succeeded (Face)
2022-03-23 18:57:58,542198617,FaceStation 2 542198617 (192.168.8.205),All Users,200002,1:N authentication succeeded (Face)
2022-03-23 18:57:55,542198617,FaceStation 2 542198617 (192.168.8.205),All Users,200002,1:N authentication succeeded (Face)
2022-03-23 18:57:38,542198617,FaceStation 2 542198617 (192.168.8.205),All Users,200164,1:N authentication succeeded (Face)
2022-03-23 18:57:28,542198617,FaceStation 2 542198617 (192.168.8.205),All Users,200194,1:N authentication succeeded (Face)
2022-03-23 18:54:55,542198617,FaceStation 2 542198617 (192.168.8.205),All Users,200072,1:N authentication succeeded (Face)
2022-03-23 18:54:21,542198617,FaceStation 2 542198617 (192.168.8.205),All Users,200004,1:N authentication succeeded (Face)
2022-03-23 18:54:19,542198617,FaceStation 2 542198617 (192.168.8.205),All Users,200004,1:N authentication succeeded (Face)
2022-03-23 18:51:52,542198617,FaceStation 2 542198617 (192.168.8.205),All Users,200180,1:N authentication succeeded (Face)
2022-03-23 18:51:18,542198617,FaceStation 2 542198617 (192.168.8.205),All Users,200170,1:N authentication succeeded (Face)
2022-03-23 18:50:58,542198617,FaceStation 2 542198617 (192.168.8.205),,,BioStar disconnected
2022-03-23 18:50:55,542198617,FaceStation 2 542198617 (192.168.8.205),All Users,200162,1:N authentication succeeded (Face)
2022-03-23 18:50:02,542198617,FaceStation 2 542198617 (192.168.8.205),All Users,200157,1:N authentication succeeded (Face)
2022-03-23 18:49:56,542198617,FaceStation 2 542198617 (192.168.8.205),All Users,200156,1:N authentication succeeded (Face)
2022-03-23 18:49:24,542198617,FaceStation 2 542198617 (192.168.8.205),All Users,200168,1:N authentication succeeded (Face)
2022-03-23 18:49:19,542198617,FaceStation 2 542198617 (192.168.8.205),All Users,200166,1:N authentication succeeded (Face)
2022-03-23 18:49:14,542198617,FaceStation 2 542198617 (192.168.8.205),All Users,200184,1:N authentication succeeded (Face)
2022-03-23 18:49:10,542198617,FaceStation 2 542198617 (192.168.8.205),All Users,200082,1:N authentication succeeded (Face)
2022-03-23 18:49:06,542198617,FaceStation 2 542198617 (192.168.8.205),All Users,200067,1:N authentication succeeded (Face)
2022-03-23 18:48:22,542198617,FaceStation 2 542198617 (192.168.8.205),All Users,200049,1:N authentication succeeded (Face)
2022-03-23 18:45:11,542198617,FaceStation 2 542198617 (192.168.8.205),All Users,200134,1:N authentication succeeded (Face)
2022-03-23 18:41:59,542198617,FaceStation 2 542198617 (192.168.8.205),All Users,200064,1:N authentication succeeded (Face)
2022-03-23 18:39:35,542198617,FaceStation 2 542198617 (192.168.8.205),All Users,200028,1:N authentication succeeded (Face)
2022-03-23 18:38:34,542198617,FaceStation 2 542198617 (192.168.8.205),All Users,200142,1:N authentication succeeded (Face)
2022-03-23 18:38:28,542198617,FaceStation 2 542198617 (192.168.8.205),All Users,200195,1:N authentication succeeded (Face)
2022-03-23 18:38:22,542198617,FaceStation 2 542198617 (192.168.8.205),All Users,200167,1:N authentication succeeded (Face)
2022-03-23 18:38:18,542198617,FaceStation 2 542198617 (192.168.8.205),All Users,200167,1:N authentication succeeded (Face)
2022-03-23 18:38:18,542198617,FaceStation 2 542198617 (192.168.8.205),,,Authentication failed (Timeout)
2022-03-23 18:38:07,542198617,FaceStation 2 542198617 (192.168.8.205),All Users,200111,1:N authentication succeeded (Face)
2022-03-23 18:33:37,542198617,FaceStation 2 542198617 (192.168.8.205),All Users,200173,1:N authentication succeeded (Face)
2022-03-23 18:32:39,542198617,FaceStation 2 542198617 (192.168.8.205),All Users,200073,1:N authentication succeeded (Face)
2022-03-23 18:05:20,542198617,FaceStation 2 542198617 (192.168.8.205),All Users,200031,1:N authentication succeeded (Face)
2022-03-23 18:05:14,542198617,FaceStation 2 542198617 (192.168.8.205),All Users,200061,1:N authentication succeeded (Face)
2022-03-23 18:04:56,542198617,FaceStation 2 542198617 (192.168.8.205),All Users,200050,1:N authentication succeeded (Face)
2022-03-23 18:02:12,542198617,FaceStation 2 542198617 (192.168.8.205),All Users,200193,1:N authentication succeeded (Face)
2022-03-23 18:00:59,542198617,FaceStation 2 542198617 (192.168.8.205),All Users,200047,1:N authentication succeeded (Face)
2022-03-23 18:00:54,542198617,FaceStation 2 542198617 (192.168.8.205),All Users,200104,1:N authentication succeeded (Face)
2022-03-23 18:00:50,542198617,FaceStation 2 542198617 (192.168.8.205),All Users,200033,1:N authentication succeeded (Face)
2022-03-23 17:49:46,542198617,FaceStation 2 542198617 (192.168.8.205),All Users,200181,1:N authentication succeeded (Face)
2022-03-23 17:48:16,542198617,FaceStation 2 542198617 (192.168.8.205),All Users,200186,1:N authentication succeeded (Face)
2022-03-23 17:48:12,542198617,FaceStation 2 542198617 (192.168.8.205),All Users,200091,1:N authentication succeeded (Face)
2022-03-23 17:47:54,542198617,FaceStation 2 542198617 (192.168.8.205),All Users,200077,1:N authentication succeeded (Face)
2022-03-23 17:47:49,542198617,FaceStation 2 542198617 (192.168.8.205),All Users,200078,1:N authentication succeeded (Face)
2022-03-23 17:47:46,542198617,FaceStation 2 542198617 (192.168.8.205),All Users,200052,1:N authentication succeeded (Face)
2022-03-23 17:45:36,542198617,FaceStation 2 542198617 (192.168.8.205),All Users,200175,1:N authentication succeeded (Face)
2022-03-23 17:45:32,542198617,FaceStation 2 542198617 (192.168.8.205),All Users,200204,1:N authentication succeeded (Face)
2022-03-23 17:45:28,542198617,FaceStation 2 542198617 (192.168.8.205),All Users,200023,1:N authentication succeeded (Face)
2022-03-23 17:44:58,542198617,FaceStation 2 542198617 (192.168.8.205),All Users,200062,1:N authentication succeeded (Face)
2022-03-23 17:44:32,542198617,FaceStation 2 542198617 (192.168.8.205),All Users,200163,1:N authentication succeeded (Face)
2022-03-23 17:44:27,542198617,FaceStation 2 542198617 (192.168.8.205),All Users,200190,1:N authentication succeeded (Face)
2022-03-23 17:44:20,542198617,FaceStation 2 542198617 (192.168.8.205),All Users,200068,1:N authentication succeeded (Face)
2022-03-23 17:44:16,542198617,FaceStation 2 542198617 (192.168.8.205),All Users,200019,1:N authentication succeeded (Face)
2022-03-23 17:44:12,542198617,FaceStation 2 542198617 (192.168.8.205),All Users,200019,1:N authentication succeeded (Face)
2022-03-23 17:44:07,542198617,FaceStation 2 542198617 (192.168.8.205),All Users,200018,1:N authentication succeeded (Face)
2022-03-23 17:44:02,542198617,FaceStation 2 542198617 (192.168.8.205),All Users,200135,1:N authentication succeeded (Face)
2022-03-23 17:43:58,542198617,FaceStation 2 542198617 (192.168.8.205),All Users,200136,1:N authentication succeeded (Face)
2022-03-23 17:43:54,542198617,FaceStation 2 542198617 (192.168.8.205),All Users,200015,1:N authentication succeeded (Face)
2022-03-23 17:43:50,542198617,FaceStation 2 542198617 (192.168.8.205),All Users,200178,1:N authentication succeeded (Face)
2022-03-23 17:43:40,542198617,FaceStation 2 542198617 (192.168.8.205),All Users,200055,1:N authentication succeeded (Face)
2022-03-23 17:42:36,542198617,FaceStation 2 542198617 (192.168.8.205),All Users,200121,1:N authentication succeeded (Face)
2022-03-23 17:42:32,542198617,FaceStation 2 542198617 (192.168.8.205),All Users,200141,1:N authentication succeeded (Face)
2022-03-23 17:42:27,542198617,FaceStation 2 542198617 (192.168.8.205),,,Authentication failed (Timeout)
2022-03-23 17:42:16,542198617,FaceStation 2 542198617 (192.168.8.205),All Users,200150,1:N authentication succeeded (Face)
2022-03-23 17:41:20,542198617,FaceStation 2 542198617 (192.168.8.205),All Users,200171,1:N authentication succeeded (Face)
2022-03-23 17:41:10,542198617,FaceStation 2 542198617 (192.168.8.205),All Users,200197,1:N authentication succeeded (Face)
2022-03-23 17:41:07,542198617,FaceStation 2 542198617 (192.168.8.205),All Users,200099,1:N authentication succeeded (Face)
2022-03-23 17:41:04,542198617,FaceStation 2 542198617 (192.168.8.205),All Users,200099,1:N authentication succeeded (Face)
2022-03-23 17:40:50,542198617,FaceStation 2 542198617 (192.168.8.205),All Users,200187,1:N authentication succeeded (Face)
2022-03-23 17:40:33,542198617,FaceStation 2 542198617 (192.168.8.205),All Users,200196,1:N authentication succeeded (Face)
2022-03-23 17:40:30,542198617,FaceStation 2 542198617 (192.168.8.205),All Users,200196,1:N authentication succeeded (Face)
2022-03-23 17:39:50,542198617,FaceStation 2 542198617 (192.168.8.205),All Users,200105,1:N authentication succeeded (Face)
2022-03-23 17:39:16,542198617,FaceStation 2 542198617 (192.168.8.205),All Users,200053,1:N authentication succeeded (Face)
2022-03-23 17:39:13,542198617,FaceStation 2 542198617 (192.168.8.205),All Users,200110,1:N authentication succeeded (Face)
2022-03-23 17:39:09,542198617,FaceStation 2 542198617 (192.168.8.205),All Users,200039,1:N authentication succeeded (Face)
2022-03-23 17:38:58,542198617,FaceStation 2 542198617 (192.168.8.205),All Users,200125,1:N authentication succeeded (Face)
2022-03-23 17:38:19,542198617,FaceStation 2 542198617 (192.168.8.205),All Users,200066,1:N authentication succeeded (Face)
2022-03-23 17:37:29,542198617,FaceStation 2 542198617 (192.168.8.205),All Users,200063,1:N authentication succeeded (Face)
2022-03-23 17:37:05,542198617,FaceStation 2 542198617 (192.168.8.205),All Users,200017,1:N authentication succeeded (Face)
2022-03-23 17:20:17,542198617,FaceStation 2 542198617 (192.168.8.205),All Users,200109,1:N authentication succeeded (Face)
2022-03-23 17:04:50,542198617,FaceStation 2 542198617 (192.168.8.205),All Users,200044,1:N authentication succeeded (Face)
2022-03-23 17:04:46,542198617,FaceStation 2 542198617 (192.168.8.205),All Users,200044,1:N authentication succeeded (Face)
2022-03-23 15:21:59,542198617,FaceStation 2 542198617 (192.168.8.205),,,Device time changed
2022-03-23 15:21:53,542198617,FaceStation 2 542198617 (192.168.8.205),,,Device time changed
2022-03-23 15:21:29,542198617,FaceStation 2 542198617 (192.168.8.205),,,Device time changed
2022-03-23 15:21:23,542198617,FaceStation 2 542198617 (192.168.8.205),,,Device time changed
2022-03-23 15:13:02,542198617,FaceStation 2 542198617 (192.168.8.205),All Users,200048,1:N authentication succeeded (Face)
2022-03-23 15:00:47,542198617,FaceStation 2 542198617 (192.168.8.205),,,BioStar connected
2022-03-23 14:59:15,542198617,FaceStation 2 542198617 (192.168.8.205),,,BioStar disconnected
2022-03-23 14:31:44,542198617,FaceStation 2 542198617 (192.168.8.205),,,BioStar connected
2022-03-23 14:16:30,542198617,FaceStation 2 542198617 (192.168.8.205),,,BioStar disconnected
2022-03-23 13:07:43,542198617,FaceStation 2 542198617 (192.168.8.205),,,BioStar connected
2022-03-23 13:07:24,542198617,FaceStation 2 542198617 (192.168.8.205),,,BioStar disconnected
2022-03-23 13:05:44,542198617,FaceStation 2 542198617 (192.168.8.205),,,BioStar connected
2022-03-23 12:49:34,542198617,FaceStation 2 542198617 (192.168.8.205),All Users,200189,1:N authentication succeeded (Face)
2022-03-23 11:44:54,542198617,FaceStation 2 542198617 (192.168.8.205),,,BioStar disconnected
2022-03-23 10:52:32,542198617,FaceStation 2 542198617 (192.168.8.205),,,BioStar connected
2022-03-23 10:52:26,542198617,FaceStation 2 542198617 (192.168.8.205),,,BioStar disconnected
2022-03-23 10:46:43,542198617,FaceStation 2 542198617 (192.168.8.205),,,BioStar connected
2022-03-23 10:31:19,542198617,FaceStation 2 542198617 (192.168.8.205),,,BioStar disconnected
